{
    "type": "HEDR",
    "contentSize": 121036,
    "MSH2_0": {
        "type": "MSH2",
        "contentSize": 117984,
        "SINF": {
            "type": "SINF",
            "contentSize": 100,
            "NAME": "IMP_Scout_Skeleton",
            "FRAM": {
                "type": "FRAM",
                "begin": 0,
                "end": 1,
                "fps": 29.970029830932617
            },
            "BBOX": {
                "type": "BBOX",
                "rotation": {
                    "x": 0,
                    "y": 0,
                    "z": 0,
                    "w": 1
                },
                "center": {
                    "x": -0.0077544450759887695,
                    "y": 1.021206259727478,
                    "z": -0.04080498218536377
                },
                "dimension": {
                    "w": 0.9372228384017944,
                    "h": 1.0236891508102417,
                    "d": 0.24409937858581543
                },
                "boundingSphereRadius": 0
            },
            "CAMR": {
                "type": "CAMR",
                "contentSize": 64,
                "NAME": "Camera",
                "DATA": {
                    "type": "DATA",
                    "floats": [
                        0.9425450563430786,
                        1.6019206047058105,
                        2.579702377319336,
                        -0.002673619892448187,
                        1.0176095962524414,
                        0.005130008794367313,
                        0,
                        1.076188564300537
                    ],
                    "near": 0.10000000149011612,
                    "far": 32768
                },
                "MATL": {
                    "type": "MATL",
                    "contentSize": 232,
                    "materialCount": 2,
                    "MATD_0": {
                        "type": "MATD",
                        "contentSize": 92,
                        "NAME": "_1Shirt0",
                        "DATA": {
                            "type": "DATA",
                            "diffuseColor": [
                                0.699999988079071,
                                0.699999988079071,
                                0.699999988079071,
                                1
                            ],
                            "ambientColor": [
                                1,
                                1,
                                1,
                                1
                            ],
                            "specularColor": [
                                0.30000001192092896,
                                0.30000001192092896,
                                0.30000001192092896,
                                1
                            ],
                            "specularIntensity": 50
                        },
                        "ATRB_0": {
                            "type": "ATRB",
                            "contentSize": 4,
                            "unhandled": true
                        },
                        "MATD_0": {
                            "type": "MATD",
                            "contentSize": 120,
                            "NAME": "Material0",
                            "DATA": {
                                "type": "DATA",
                                "diffuseColor": [
                                    0.699999988079071,
                                    0.699999988079071,
                                    0.699999988079071,
                                    107374176
                                ],
                                "ambientColor": [
                                    0,
                                    0,
                                    0,
                                    1
                                ],
                                "specularColor": [
                                    0.30000001192092896,
                                    0.30000001192092896,
                                    0.30000001192092896,
                                    1
                                ],
                                "specularIntensity": 50
                            },
                            "ATRB_0": {
                                "type": "ATRB",
                                "contentSize": 4,
                                "unhandled": true
                            },
                            "TX0D_0": {
                                "type": "TX0D",
                                "contentSize": 20,
                                "unhandled": true
                            },
                            "MODL_0": {
                                "type": "MODL",
                                "contentSize": 20208,
                                "unhandled": true
                            },
                            "SKL2_0": {
                                "type": "SKL2",
                                "contentSize": 504,
                                "unhandled": true
                            },
                            "BLN2_0": {
                                "type": "BLN2",
                                "contentSize": 204,
                                "unhandled": true
                            },
                            "ANM2_0": {
                                "type": "ANM2",
                                "contentSize": 2304,
                                "unhandled": true
                            }
                        }
                    }
                }
            }
        }
    }
}